geography,total,total_entered_2010_or_later,total_entered_2010_or_later_naturalized_u.s._citizen,total_entered_2010_or_later_not_a_u.s._citizen,total_entered_2000_to_2009,total_entered_2000_to_2009_naturalized_u.s._citizen,total_entered_2000_to_2009_not_a_u.s._citizen,total_entered_1990_to_1999,total_latin_america_central_america,total_latin_america_central_america_mexico,total_latin_america_central_america_mexico_entered_2010_or_later,total_latin_america_central_america_mexico_entered_2010_or_later_naturalized_u.s._citizen,total_latin_america_central_america_mexico_entered_2010_or_later_not_a_u.s._citizen,total_latin_america_central_america_mexico_entered_2000_to_2009,total_latin_america_central_america_mexico_entered_2000_to_2009_naturalized_u.s._citizen,total_latin_america_central_america_mexico_entered_2000_to_2009_not_a_u.s._citizen,total_latin_america_central_america_mexico_entered_1990_to_1999,total_latin_america_central_america_mexico_entered_1990_to_1999_naturalized_u.s._citizen,total_latin_america_central_america_mexico_entered_1990_to_1999_not_a_u.s._citizen,total_latin_america_central_america_mexico_entered_before_1990,total_latin_america_central_america_mexico_entered_before_1990_naturalized_u.s._citizen,total_latin_america_central_america_mexico_entered_before_1990_not_a_u.s._citizen,total_latin_america_central_america_other_central_america,total_latin_america_central_america_other_central_america_entered_2010_or_later,total_latin_america_central_america_other_central_america_entered_2010_or_later_naturalized_u.s._citizen,total_latin_america_central_america_other_central_america_entered_2010_or_later_not_a_u.s._citizen,total_latin_america_central_america_other_central_america_entered_2000_to_2009,total_latin_america_central_america_other_central_america_entered_2000_to_2009_naturalized_u.s._citizen,total_latin_america_central_america_other_central_america_entered_2000_to_2009_not_a_u.s._citizen,total_latin_america_central_america_other_central_america_entered_1990_to_1999,total_latin_america_central_america_other_central_america_entered_1990_to_1999_naturalized_u.s._citizen,total_latin_america_central_america_other_central_america_entered_1990_to_1999_not_a_u.s._citizen,total_latin_america_central_america_other_central_america_entered_before_1990,total_latin_america_central_america_other_central_america_entered_before_1990_naturalized_u.s._citizen,total_latin_america_central_america_other_central_america_entered_before_1990_not_a_u.s._citizen,total_latin_america_south_america,total_latin_america_south_america_entered_2010_or_later,total_latin_america_south_america_entered_2010_or_later_naturalized_u.s._citizen,total_latin_america_south_america_entered_2010_or_later_not_a_u.s._citizen,total_latin_america_south_america_entered_2000_to_2009,total_latin_america_south_america_entered_2000_to_2009_naturalized_u.s._citizen,total_latin_america_south_america_entered_2000_to_2009_not_a_u.s._citizen,total_latin_america_south_america_entered_1990_to_1999,total_latin_america_south_america_entered_1990_to_1999_naturalized_u.s._citizen,total_latin_america_south_america_entered_1990_to_1999_not_a_u.s._citizen,total_latin_america_south_america_entered_before_1990,total_latin_america_south_america_entered_before_1990_naturalized_u.s._citizen,total_latin_america_south_america_entered_before_1990_not_a_u.s._citizen,total_other_areas,total_other_areas_entered_2010_or_later,total_other_areas_entered_2010_or_later_naturalized_u.s._citizen,total_other_areas_entered_2010_or_later_not_a_u.s._citizen,total_other_areas_entered_2000_to_2009,total_other_areas_entered_2000_to_2009_naturalized_u.s._citizen,total_other_areas_entered_2000_to_2009_not_a_u.s._citizen,total_other_areas_entered_1990_to_1999,total_other_areas_entered_1990_to_1999_naturalized_u.s._citizen,total_other_areas_entered_1990_to_1999_not_a_u.s._citizen,total_other_areas_entered_before_1990,total_other_areas_entered_before_1990_naturalized_u.s._citizen,total_other_areas_entered_before_1990_not_a_u.s._citizen,total_entered_1990_to_1999_naturalized_u.s._citizen,total_entered_1990_to_1999_not_a_u.s._citizen,total_entered_before_1990,total_entered_before_1990_naturalized_u.s._citizen,total_entered_before_1990_not_a_u.s._citizen,total_europe,total_europe_entered_2010_or_later,total_europe_entered_2010_or_later_naturalized_u.s._citizen,total_europe_entered_2010_or_later_not_a_u.s._citizen,total_europe_entered_2000_to_2009,total_europe_entered_2000_to_2009_naturalized_u.s._citizen,total_europe_entered_2000_to_2009_not_a_u.s._citizen,total_europe_entered_1990_to_1999,total_europe_entered_1990_to_1999_naturalized_u.s._citizen,total_europe_entered_1990_to_1999_not_a_u.s._citizen,total_europe_entered_before_1990,total_europe_entered_before_1990_naturalized_u.s._citizen,total_europe_entered_before_1990_not_a_u.s._citizen,total_asia,total_asia_entered_2010_or_later,total_asia_entered_2010_or_later_naturalized_u.s._citizen,total_asia_entered_2010_or_later_not_a_u.s._citizen,total_asia_entered_2000_to_2009,total_asia_entered_2000_to_2009_naturalized_u.s._citizen,total_asia_entered_2000_to_2009_not_a_u.s._citizen,total_asia_entered_1990_to_1999,total_asia_entered_1990_to_1999_naturalized_u.s._citizen,total_asia_entered_1990_to_1999_not_a_u.s._citizen,total_asia_entered_before_1990,total_asia_entered_before_1990_naturalized_u.s._citizen,total_asia_entered_before_1990_not_a_u.s._citizen,total_latin_america,total_latin_america_caribbean,total_latin_america_caribbean_entered_2010_or_later,total_latin_america_caribbean_entered_2010_or_later_naturalized_u.s._citizen,total_latin_america_caribbean_entered_2010_or_later_not_a_u.s._citizen,total_latin_america_caribbean_entered_2000_to_2009,total_latin_america_caribbean_entered_2000_to_2009_naturalized_u.s._citizen,total_latin_america_caribbean_entered_2000_to_2009_not_a_u.s._citizen,total_latin_america_caribbean_entered_1990_to_1999,total_latin_america_caribbean_entered_1990_to_1999_naturalized_u.s._citizen,total_latin_america_caribbean_entered_1990_to_1999_not_a_u.s._citizen,total_latin_america_caribbean_entered_before_1990,total_latin_america_caribbean_entered_before_1990_naturalized_u.s._citizen,total_latin_america_caribbean_entered_before_1990_not_a_u.s._citizen,name,state,county
0500000US06049,641,27,0,27,243,23,220,113,412,407,22,0,22,120,12,108,65,0,65,200,60,140,5,0,0,0,5,0,5,0,0,0,0,0,0,48,0,0,0,0,0,0,48,0,48,0,0,0,73,5,0,5,68,11,57,0,0,0,0,0,0,0,113,258,105,153,26,0,0,0,16,0,16,0,0,0,10,10,0,82,0,0,0,34,0,34,0,0,0,48,35,13,460,0,0,0,0,0,0,0,0,0,0,0,0,0,"Modoc County, California",06,049
0500000US06047,68204,4725,554,4171,16651,3770,12881,17510,51027,49419,2823,238,2585,12069,1371,10698,14301,3166,11135,20226,10007,10219,1608,89,5,84,525,15,510,263,40,223,731,445,286,723,143,80,63,290,106,184,138,31,107,152,123,29,539,21,5,16,122,44,78,50,22,28,346,309,37,5411,12099,29318,17054,12264,4359,338,36,302,388,79,309,307,164,143,3326,2552,774,11525,1311,190,1121,3257,2155,1102,2451,1988,463,4506,3591,915,51781,31,0,0,0,0,0,0,0,0,0,31,27,4,"Merced County, California",06,047
0500000US06033,5605,256,30,226,1292,172,1120,1441,3778,3499,235,21,214,992,159,833,1091,452,639,1181,652,529,279,3,0,3,100,0,100,32,0,32,144,103,41,129,0,0,0,29,0,29,6,6,0,94,50,44,442,1,0,1,38,0,38,76,76,0,327,205,122,728,713,2616,1672,944,793,8,0,8,69,0,69,152,110,42,564,398,166,463,9,9,0,64,13,51,84,84,0,306,264,42,3907,0,0,0,0,0,0,0,0,0,0,0,0,0,"Lake County, California",06,033
0500000US06043,1208,110,17,93,405,56,349,164,360,342,40,17,23,150,20,130,60,15,45,92,50,42,18,0,0,0,13,0,13,0,0,0,5,5,0,105,0,0,0,13,0,13,22,22,0,70,70,0,241,25,0,25,83,27,56,61,61,0,72,22,50,119,45,529,359,170,343,14,0,14,112,9,103,19,19,0,198,128,70,159,31,0,31,34,0,34,2,2,0,92,84,8,465,0,0,0,0,0,0,0,0,0,0,0,0,0,"Mariposa County, California",06,043
0500000US06115,9087,665,0,665,2341,624,1717,2535,5489,5179,336,0,336,1392,105,1287,1657,406,1251,1794,1178,616,310,3,0,3,105,14,91,114,60,54,88,54,34,179,48,0,48,60,0,60,52,52,0,19,19,0,192,70,0,70,23,0,23,26,18,8,73,58,15,1024,1511,3546,2697,849,580,43,0,43,136,136,0,67,29,38,334,272,62,2600,165,0,165,584,336,248,619,459,160,1232,1110,122,5715,47,0,0,0,41,33,8,0,0,0,6,6,0,"Yuba County, California",06,115
0500000US06013,277596,34455,3814,30641,73130,23699,49431,67119,98443,69871,3462,574,2888,24368,2084,22284,21780,4292,17488,20261,11766,8495,28572,3109,272,2837,7741,1437,6304,5974,2438,3536,11748,8703,3045,11522,1406,133,1273,3290,1200,2090,2706,1678,1028,4120,3269,851,15269,2439,198,2241,4276,2021,2255,3424,2432,992,5130,3846,1284,38073,29046,102892,82636,20256,24320,3525,324,3201,3881,1934,1947,5662,4483,1179,11252,8936,2316,125647,19979,2313,17666,29095,14790,14305,27338,22544,4794,49235,45175,4060,112360,2395,535,0,535,479,233,246,235,206,29,1146,941,205,"Contra Costa County, California",06,013
0500000US06027,1711,113,9,104,336,30,306,460,1171,971,10,9,1,287,9,278,285,154,131,389,250,139,200,79,0,79,10,0,10,90,35,55,21,1,20,80,17,0,17,0,0,0,25,0,25,38,38,0,102,0,0,0,11,11,0,1,1,0,90,58,32,201,259,802,560,242,132,2,0,2,15,5,10,0,0,0,115,73,42,226,5,0,5,13,5,8,59,11,48,149,140,9,1251,0,0,0,0,0,0,0,0,0,0,0,0,0,"Inyo County, California",06,027
0500000US06035,1845,58,8,50,473,86,387,498,1140,1054,18,8,10,265,58,207,329,43,286,442,103,339,86,0,0,0,48,5,43,12,0,12,26,4,22,8,0,0,0,0,0,0,4,0,4,4,0,4,205,23,0,23,117,0,117,20,1,19,45,29,16,120,378,816,298,518,150,1,0,1,12,9,3,66,61,5,71,52,19,342,16,0,16,31,14,17,67,15,52,228,110,118,1148,0,0,0,0,0,0,0,0,0,0,0,0,0,"Lassen County, California",06,035
0500000US06099,110729,10074,905,9169,26112,7472,18640,26531,73610,69668,4122,268,3854,17463,2100,15363,19407,4419,14988,28676,14222,14454,3942,482,12,470,778,186,592,698,272,426,1984,1447,537,1197,109,0,109,288,92,196,202,131,71,598,485,113,4295,394,43,351,916,577,339,1286,951,335,1699,1442,257,9708,16823,48012,30074,17938,5849,506,15,491,442,120,322,859,514,345,4042,3021,1021,25637,4422,567,3855,6183,4391,1792,4053,3421,632,10979,9444,1535,74948,141,39,0,39,42,6,36,26,0,26,34,13,21,"Stanislaus County, California",06,099
0500000US06083,101762,13359,565,12794,27056,3612,23444,23199,72053,68649,5479,279,5200,20598,1424,19174,18020,3708,14312,24552,12164,12388,3404,466,0,466,1108,133,975,750,235,515,1080,692,388,2528,518,60,458,577,260,317,383,194,189,1050,892,158,2890,626,64,562,612,202,410,335,168,167,1317,1100,217,7064,16135,38148,23406,14742,9026,1979,66,1913,1082,322,760,1200,865,335,4765,3700,1065,15064,4273,87,4186,3023,1230,1793,2511,1894,617,5257,4759,498,74782,201,18,9,9,56,41,15,0,0,0,127,99,28,"Santa Barbara County, California",06,083
0500000US06097,83207,7169,508,6661,21474,4347,17127,22222,50985,47190,3318,181,3137,14261,1267,12994,15304,4004,11300,14307,7806,6501,3795,300,27,273,995,108,887,1164,347,817,1336,1151,185,1818,130,0,130,424,112,312,366,295,71,898,739,159,5411,854,68,786,1168,408,760,1164,885,279,2225,1566,659,8634,13588,32342,22436,9906,9623,618,5,613,1168,497,671,1679,1041,638,6158,4474,1684,14819,1897,227,1670,3416,1934,1482,2384,1926,458,7122,6444,678,53354,551,52,0,52,42,21,21,161,136,25,296,256,40,"Sonoma County, California",06,097
0500000US06103,5780,205,51,154,1038,202,836,1493,4677,4450,93,45,48,831,29,802,1328,420,908,2198,1442,756,227,4,0,4,0,0,0,43,7,36,180,140,40,32,0,0,0,10,10,0,0,0,0,22,22,0,171,10,0,10,94,82,12,5,0,5,62,30,32,541,952,3044,2170,874,335,19,0,19,19,17,2,12,12,0,285,252,33,544,79,6,73,84,64,20,91,88,3,290,277,13,4730,21,0,0,0,0,0,0,14,14,0,7,7,0,"Tehama County, California",06,103
0500000US06025,56997,6829,845,5984,12877,4982,7895,11129,54029,52981,6247,822,5425,11781,4641,7140,10393,4549,5844,24560,15524,9036,1048,73,23,50,131,0,131,314,68,246,530,297,233,302,75,0,75,116,16,100,47,47,0,64,61,3,327,28,0,28,154,31,123,6,6,0,139,30,109,4867,6262,26162,16656,9506,222,19,0,19,69,50,19,35,24,11,99,71,28,1982,351,0,351,612,230,382,331,170,161,688,615,73,54466,135,36,0,36,14,14,0,3,3,0,82,58,24,"Imperial County, California",06,025
0500000US06051,2446,608,0,608,793,7,786,469,1641,1556,22,0,22,784,3,781,444,74,370,306,60,246,85,80,0,80,3,3,0,0,0,0,2,2,0,24,4,0,4,0,0,0,1,0,1,19,19,0,5,0,0,0,5,0,5,0,0,0,0,0,0,88,381,576,296,280,519,270,0,270,0,0,0,5,0,5,244,210,34,257,232,0,232,1,1,0,19,14,5,5,5,0,1665,0,0,0,0,0,0,0,0,0,0,0,0,0,"Mono County, California",06,051
0500000US06069,12010,706,120,586,2909,506,2403,2822,9447,9164,486,70,416,2193,249,1944,2393,627,1766,4092,2252,1840,283,30,0,30,34,5,29,66,19,47,153,114,39,310,11,0,11,113,38,75,28,28,0,158,151,7,318,43,0,43,24,4,20,41,36,5,210,122,88,937,1885,5573,3455,2118,827,48,22,26,212,87,125,136,88,48,431,348,83,1067,88,28,60,333,123,210,158,139,19,488,427,61,9798,41,0,0,0,0,0,0,0,0,0,41,41,0,"San Benito County, California",06,069
0500000US06001,523816,85634,6100,79534,145016,51486,93530,124772,125948,96476,7316,450,6866,30585,3020,27565,27796,5913,21883,30779,17208,13571,29472,4399,208,4191,10325,1508,8817,6238,1902,4336,8510,5725,2785,10578,1794,78,1716,2878,1148,1730,2132,1303,829,3774,3167,607,29376,5955,845,5110,8967,4197,4770,5998,4556,1442,8456,6756,1700,79804,44968,168394,138823,29571,32071,5992,109,5883,5848,2526,3322,6994,5094,1900,13237,10493,2744,323099,59773,4381,55392,86010,38974,47036,75258,60770,14488,102058,94265,7793,139270,2744,405,29,376,403,113,290,356,266,90,1580,1209,371,"Alameda County, California",06,001
0500000US06067,310071,40050,3979,36071,86438,38064,48374,77326,87665,77363,4097,373,3724,24787,3091,21696,22070,6215,15855,26409,16013,10396,10302,1343,53,1290,2835,491,2344,2083,719,1364,4041,3219,822,4538,578,111,467,1458,807,651,948,744,204,1554,1397,157,23003,2997,195,2802,7396,4195,3201,5850,4044,1806,6760,5336,1424,48937,28389,106257,84690,21567,45256,5321,600,4721,15327,8553,6774,14445,11266,3179,10163,8259,1904,148136,25659,2647,23012,34539,20883,13656,31577,25728,5849,56361,49692,6669,93676,1473,55,0,55,96,44,52,353,221,132,969,774,195,"Sacramento County, California",06,067
0500000US06017,17065,1623,290,1333,4097,1262,2835,3890,5391,4639,141,16,125,1723,264,1459,1429,237,1192,1346,693,653,752,88,16,72,295,149,146,151,68,83,218,114,104,503,44,0,44,113,73,40,81,71,10,265,265,0,1612,139,25,114,148,109,39,492,302,190,833,573,260,2056,1834,7455,5715,1740,3570,245,30,215,680,243,437,700,429,271,1945,1538,407,5947,966,203,763,1138,424,714,1031,949,82,2812,2496,316,5936,42,0,0,0,0,0,0,6,0,6,36,36,0,"El Dorado County, California",06,017
0500000US06055,30878,1863,278,1585,8698,1783,6915,8136,19658,18324,601,90,511,5851,439,5412,5831,1544,4287,6041,3719,2322,1334,60,12,48,296,107,189,317,172,145,661,503,158,405,82,0,82,124,47,77,33,12,21,166,147,19,1225,114,22,92,329,138,191,258,112,146,524,376,148,3163,4973,12181,8874,3307,2602,141,0,141,280,67,213,476,321,155,1705,1357,348,6861,856,154,702,1801,980,821,1202,991,211,3002,2696,306,20190,127,9,0,9,17,5,12,19,11,8,82,76,6,"Napa County, California",06,055
0500000US06073,774362,101294,10674,90620,185837,70241,115596,179922,359242,342524,23862,3556,20306,83731,18098,65633,90315,28430,61885,144616,80646,63970,16718,1729,50,1679,4077,1211,2866,3824,1520,2304,7088,4825,2263,18565,3287,110,3177,5305,3049,2256,3758,2809,949,6215,5269,946,34396,6333,655,5678,8349,4539,3810,8101,6173,1928,11613,8771,2842,97670,82252,307309,220451,86858,61498,8928,640,8288,12550,5634,6916,13105,9564,3541,26915,21681,5234,294902,56704,5561,51143,70302,36796,33506,59624,48439,11185,108272,97072,11200,383566,5759,451,102,349,1523,914,609,1195,735,460,2590,2187,403,"San Diego County, California",06,073
0500000US06053,128954,11562,783,10779,38986,4573,34413,34438,101634,96173,7403,417,6986,31147,1654,29493,27699,3476,24223,29924,11894,18030,5461,1107,13,1094,1800,139,1661,1328,272,1056,1226,715,511,1355,154,0,154,492,190,302,140,95,45,569,476,93,2687,234,36,198,629,358,271,971,702,269,853,587,266,7590,26848,43968,23011,20957,5313,386,11,375,590,255,335,729,482,247,3608,2863,745,17856,2278,306,1972,4328,1977,2351,3551,2543,1008,7699,6415,1284,103098,109,0,0,0,0,0,0,20,20,0,89,61,28,"Monterey County, California",06,053
0500000US06075,300542,44887,4005,40882,67553,27896,39657,66288,44933,22419,1721,287,1434,8061,899,7162,5251,1446,3805,7386,4660,2726,22514,1880,199,1681,5481,1307,4174,4422,1408,3014,10731,7974,2757,8653,2051,87,1964,2474,1016,1458,1485,1032,453,2643,2416,227,12313,3912,196,3716,3136,1144,1992,2357,1488,869,2908,2146,762,49170,17118,121814,106967,14847,38990,9559,435,9124,7727,3006,4721,10230,8153,2077,11474,9620,1854,194292,25619,2786,22833,40364,20354,20010,42288,35468,6820,86021,79594,6427,54947,1361,145,15,130,310,170,140,255,175,80,651,557,94,"San Francisco County, California",06,075
0500000US06091,75,0,0,0,0,0,0,17,61,60,0,0,0,0,0,0,17,17,0,43,3,40,1,0,0,0,0,0,0,0,0,0,1,1,0,0,0,0,0,0,0,0,0,0,0,0,0,0,0,0,0,0,0,0,0,0,0,0,0,0,0,17,0,58,18,40,1,0,0,0,0,0,0,0,0,0,1,1,0,13,0,0,0,0,0,0,0,0,0,13,13,0,61,0,0,0,0,0,0,0,0,0,0,0,0,0,"Sierra County, California",06,091
0500000US06107,102767,6769,393,6376,25540,3694,21846,27451,87132,84526,4583,171,4412,21431,1851,19580,23835,4485,19350,34677,15372,19305,2606,189,17,172,630,111,519,546,226,320,1241,892,349,664,68,30,38,232,22,210,67,24,43,297,273,24,948,152,0,152,203,66,137,300,106,194,293,246,47,6688,20763,43007,22070,20937,3152,120,58,62,285,166,119,454,135,319,2293,1830,463,10271,1651,117,1534,2358,1089,1269,2163,1652,511,4099,3375,724,88396,600,6,0,6,401,389,12,86,60,26,107,82,25,"Tulare County, California",06,107
0500000US06113,48209,9202,538,8664,12999,4634,8365,11968,21065,19859,1171,126,1045,5486,828,4658,5789,1535,4254,7413,4609,2804,1206,260,10,250,311,53,258,225,106,119,410,297,113,1755,596,38,558,558,183,375,394,293,101,207,176,31,2193,401,18,383,411,222,189,525,308,217,856,711,145,6353,5615,14040,10476,3564,4679,688,54,634,1265,869,396,1574,1281,293,1152,930,222,18393,6086,292,5794,4919,2442,2477,3427,2796,631,3961,3712,249,22944,124,0,0,0,49,37,12,34,34,0,41,41,0,"Yolo County, California",06,113
0500000US06023,7246,562,58,504,2007,445,1562,1976,3283,3037,120,0,120,1240,138,1102,1181,167,1014,496,233,263,246,6,0,6,64,0,64,144,63,81,32,20,12,191,28,25,3,65,0,65,37,37,0,61,60,1,546,13,0,13,61,32,29,96,64,32,376,190,186,771,1205,2701,1812,889,1123,65,0,65,178,84,94,102,66,36,778,552,226,1990,315,33,282,339,184,155,416,374,42,920,719,201,3587,113,15,0,15,60,7,53,0,0,0,38,38,0,"Humboldt County, California",06,023
0500000US06057,5969,407,25,382,1416,285,1131,1339,2150,1786,137,0,137,630,0,630,624,210,414,395,162,233,364,51,0,51,183,13,170,9,0,9,121,108,13,260,15,0,15,99,0,99,40,17,23,106,106,0,746,61,0,61,80,8,72,87,72,15,518,232,286,681,658,2807,1993,814,1997,62,25,37,272,176,96,393,263,130,1270,1050,220,767,81,0,81,152,88,64,186,119,67,348,289,59,2459,49,0,0,0,0,0,0,0,0,0,49,46,3,"Nevada County, California",06,057
0500000US06003,23,10,1,9,1,1,0,5,9,9,4,0,4,0,0,0,5,5,0,0,0,0,0,0,0,0,0,0,0,0,0,0,0,0,0,0,0,0,0,0,0,0,0,0,0,0,0,0,0,0,0,0,0,0,0,0,0,0,0,0,0,5,0,7,7,0,7,0,0,0,0,0,0,0,0,0,7,7,0,7,6,1,5,1,1,0,0,0,0,0,0,0,9,0,0,0,0,0,0,0,0,0,0,0,0,0,"Alpine County, California",06,003
0500000US06039,33229,2188,278,1910,9072,1318,7754,8714,29026,27633,1529,168,1361,7846,670,7176,7611,1518,6093,10647,3838,6809,1393,237,20,217,411,53,358,208,62,146,537,348,189,233,1,0,1,40,13,27,104,104,0,88,83,5,500,55,11,44,56,0,56,22,0,22,367,243,124,2255,6459,13255,5889,7366,698,7,0,7,17,11,6,123,86,37,551,468,83,2700,359,79,280,682,561,121,624,485,139,1035,879,156,29331,72,0,0,0,20,10,10,22,0,22,30,30,0,"Madera County, California",06,039
0500000US06045,11489,705,134,571,3860,564,3296,2854,8556,8182,389,102,287,3109,283,2826,2402,493,1909,2282,1295,987,374,49,0,49,183,12,171,22,16,6,120,88,32,112,9,0,9,0,0,0,22,4,18,81,73,8,341,21,12,9,49,36,13,37,7,30,234,189,45,785,2069,4070,2744,1326,1040,23,10,13,137,25,112,110,21,89,770,547,223,1325,214,10,204,363,199,164,261,244,17,487,456,31,8783,115,0,0,0,19,9,10,0,0,0,96,96,0,"Mendocino County, California",06,045
0500000US06087,49315,4690,267,4423,12845,2400,10445,12372,32187,30380,1570,35,1535,8254,739,7515,8795,1864,6931,11761,5592,6169,1807,244,0,244,818,76,742,319,114,205,426,408,18,1070,110,13,97,329,169,160,213,155,58,418,379,39,2179,424,84,340,474,70,404,358,198,160,923,618,305,4086,8286,19408,11775,7633,6009,619,70,549,825,307,518,1409,703,706,3156,2321,835,7751,1707,65,1642,2116,1039,1077,1249,1023,226,2679,2419,260,33376,119,16,0,16,29,0,29,29,29,0,45,38,7,"Santa Cruz County, California",06,087
0500000US06105,666,35,0,35,37,31,6,158,349,311,0,0,0,0,0,0,67,0,67,244,11,233,38,23,0,23,0,0,0,0,0,0,15,5,10,43,10,0,10,2,0,2,31,31,0,0,0,0,32,2,0,2,0,0,0,22,22,0,8,0,8,87,71,436,127,309,124,0,0,0,12,8,4,4,0,4,108,50,58,118,0,0,0,23,23,0,34,34,0,61,61,0,392,0,0,0,0,0,0,0,0,0,0,0,0,0,"Trinity County, California",06,105
0500000US06037,3478879,327868,33282,294586,757098,219742,537356,811875,1852474,1332258,48527,5878,42649,271564,29104,242460,355517,68964,286553,656650,373056,283594,520216,41378,3739,37639,127657,16279,111378,116723,39245,77478,234458,156900,77558,97256,9902,785,9117,21790,8020,13770,20337,12158,8179,45227,37431,7796,99916,19333,1751,17582,22842,11564,11278,18207,12977,5230,39534,31907,7627,369710,442165,1582038,1144340,437698,170318,26446,1828,24618,28819,12864,15955,38409,29852,8557,76644,63474,13170,1227447,180374,19102,161272,280862,139989,140873,258809,203965,54844,507402,463303,44099,1981198,31468,1908,199,1709,3564,1922,1642,3873,2549,1324,22123,18269,3854,"Los Angeles County, California",06,037
0500000US06065,512517,39473,3818,35655,109161,29389,79772,121848,340181,306660,11094,1339,9755,65790,9294,56496,81720,22210,59510,148056,81985,66071,33521,2994,253,2741,6928,1178,5750,8338,3588,4750,15261,10614,4647,12643,967,142,825,3184,1323,1861,2507,1899,608,5985,4725,1260,24342,5467,298,5169,5328,2313,3015,4005,2696,1309,9542,6303,3239,50181,71667,242035,158091,83944,24021,1902,172,1730,3361,1689,1672,3558,2516,1042,15200,11734,3466,106404,16529,1541,14988,24015,13252,10763,21074,16810,4264,44786,40269,4517,357750,4926,520,73,447,555,340,215,646,462,184,3205,2461,744,"Riverside County, California",06,065
0500000US06071,443910,31172,2905,28267,89980,23408,66572,106660,290553,248122,8248,837,7411,46972,5506,41466,66284,15807,50477,126618,72943,53675,42431,2653,259,2394,8670,1332,7338,9051,3380,5671,22057,15831,6226,12221,858,97,761,2753,1114,1639,2415,1622,793,6195,5315,880,15919,2245,72,2173,3535,2221,1314,3371,2606,765,6768,4962,1806,43289,63371,216098,145937,70161,13269,985,115,870,1748,804,944,1812,1256,556,8724,6278,2446,107006,15907,1442,14465,25666,12192,13474,22742,17789,4953,42691,38401,4290,307716,4942,276,83,193,636,239,397,985,829,156,3045,2207,838,"San Bernardino County, California",06,071
0500000US06085,738094,133950,8503,125447,188965,66211,122754,186765,157565,139914,8772,654,8118,41113,4257,36856,42659,9127,33532,47370,28175,19195,17651,2323,75,2248,5599,1022,4577,3839,1049,2790,5890,4505,1385,13039,2646,83,2563,3454,1373,2081,2776,1800,976,4163,3483,680,25974,5976,447,5529,7291,3527,3764,5416,4039,1377,7291,6117,1174,125585,61180,228414,193365,35049,58092,12962,438,12524,11822,5619,6203,14257,11170,3087,19051,15787,3264,481007,101069,6760,94309,119177,50143,69034,117311,97951,19360,143450,134250,9200,173021,2417,202,46,156,509,270,239,507,449,58,1199,1048,151,"Santa Clara County, California",06,085
0500000US06041,47018,5498,227,5271,12294,2564,9730,11783,16487,7092,229,6,223,2364,296,2068,2836,332,2504,1663,945,718,9395,1318,17,1301,3958,165,3793,2728,636,2092,1391,788,603,3127,328,27,301,865,174,691,797,544,253,1137,915,222,3857,697,40,657,702,245,457,888,584,304,1570,1297,273,5503,6280,17443,13611,3832,11955,1450,75,1375,2045,587,1458,2203,1575,628,6257,4799,1458,11134,1455,62,1393,2267,1052,1215,2273,1799,474,5139,4588,551,20072,458,21,0,21,93,45,48,58,33,25,286,279,7,"Marin County, California",06,041
0500000US06061,40523,3761,472,3289,10576,4665,5911,9952,10083,9029,689,47,642,2960,338,2622,2867,829,2038,2513,1520,993,1054,55,0,55,351,41,310,158,111,47,490,449,41,1000,94,31,63,370,186,184,159,147,12,377,361,16,2773,249,74,175,414,291,123,574,404,170,1536,1154,382,6515,3437,16234,13773,2461,8461,660,93,567,1383,765,618,2069,1507,562,4349,3762,587,17853,2000,227,1773,5017,3001,2016,4038,3430,608,6798,6356,442,11436,353,14,0,14,81,43,38,87,87,0,171,171,0,"Placer County, California",06,061
0500000US06093,2286,126,56,70,642,188,454,470,1193,1137,37,0,37,352,33,319,353,63,290,395,201,194,56,2,0,2,26,0,26,0,0,0,28,14,14,66,3,3,0,12,12,0,28,28,0,23,11,12,235,55,37,18,22,15,7,10,2,8,148,133,15,143,327,1048,736,312,382,7,7,0,107,21,86,27,2,25,241,195,46,400,22,9,13,123,107,16,51,47,4,204,173,31,1269,10,0,0,0,0,0,0,1,1,0,9,9,0,"Siskiyou County, California",06,093
0500000US06089,9439,1907,27,1880,2132,582,1550,1594,2467,2285,64,20,44,587,118,469,703,301,402,931,629,302,182,10,0,10,0,0,0,47,22,25,125,101,24,275,21,0,21,69,54,15,38,34,4,147,92,55,990,396,7,389,194,79,115,121,78,43,279,231,48,1009,585,3806,2967,839,2206,672,0,672,260,19,241,246,176,70,1028,842,186,3498,744,0,744,1022,312,710,439,398,41,1293,1069,224,2745,3,0,0,0,0,0,0,0,0,0,3,3,0,"Shasta County, California",06,089
0500000US06095,87369,7758,936,6822,21329,9010,12319,20022,33453,27993,1645,94,1551,7985,1094,6891,8105,2165,5940,10258,5424,4834,5460,264,26,238,987,225,762,1164,617,547,3045,2395,650,1923,410,31,379,360,149,211,394,164,230,759,671,88,3851,573,51,522,1455,694,761,512,409,103,1311,912,399,11422,8600,38260,29907,8353,4843,408,62,346,496,295,201,769,523,246,3170,2574,596,42533,4446,672,3774,9847,6465,3382,8994,7496,1498,19246,17556,1690,36142,766,12,0,12,199,88,111,84,48,36,471,375,96,"Solano County, California",06,095
0500000US06015,1729,156,3,153,280,75,205,386,728,677,23,0,23,151,11,140,230,0,230,273,167,106,51,0,0,0,23,0,23,3,0,3,25,0,25,28,0,0,0,0,0,0,0,0,0,28,17,11,131,3,0,3,27,27,0,0,0,0,101,90,11,129,257,907,612,295,193,0,0,0,0,0,0,4,4,0,189,108,81,629,130,3,127,79,37,42,149,125,24,271,222,49,776,20,0,0,0,0,0,0,0,0,0,20,8,12,"Del Norte County, California",06,015
0500000US06011,5530,258,9,249,1226,306,920,1688,5003,4891,211,9,202,1109,238,871,1560,506,1054,2011,1033,978,112,0,0,0,8,0,8,10,10,0,94,94,0,88,34,0,34,19,19,0,26,26,0,9,9,0,73,0,0,0,11,0,11,9,0,9,53,43,10,625,1063,2358,1331,1027,109,0,0,0,0,0,0,0,0,0,109,83,26,254,13,0,13,79,49,30,83,83,0,79,66,13,5094,3,0,0,0,0,0,0,0,0,0,3,3,0,"Colusa County, California",06,011
0500000US06021,5579,286,37,249,1485,271,1214,1596,4747,4618,272,34,238,1290,203,1087,1192,269,923,1864,767,1097,129,0,0,0,0,0,0,89,0,89,40,39,1,22,0,0,0,0,0,0,7,7,0,15,0,15,74,14,3,11,0,0,0,26,0,26,34,34,0,370,1226,2212,1079,1133,101,0,0,0,8,1,7,0,0,0,93,73,20,566,0,0,0,141,67,74,282,94,188,143,143,0,4838,69,0,0,0,46,0,46,0,0,0,23,23,0,"Glenn County, California",06,021
0500000US06007,17175,1948,178,1770,3621,1183,2438,4420,7342,7046,117,43,74,2082,344,1738,2112,508,1604,2735,1770,965,296,8,0,8,70,52,18,40,5,35,178,116,62,410,76,0,76,125,18,107,82,75,7,127,88,39,1221,209,0,209,131,42,89,243,98,145,638,354,284,2192,2228,7186,5386,1800,2099,156,0,156,270,138,132,387,298,89,1286,1032,254,6033,1382,135,1247,922,589,333,1556,1208,348,2173,1986,187,7822,70,0,0,0,21,0,21,0,0,0,49,40,9,"Butte County, California",06,007
0500000US06031,27759,2032,209,1823,6800,1349,5451,6985,21571,20719,1024,70,954,4870,359,4511,5784,993,4791,9041,3916,5125,852,87,0,87,188,11,177,234,0,234,343,166,177,270,11,0,11,62,37,25,94,45,49,103,46,57,665,135,0,135,197,53,144,83,14,69,250,181,69,1713,5272,11942,6111,5831,1229,125,46,79,202,71,131,143,68,75,759,608,151,3898,641,84,557,1239,815,424,595,560,35,1423,1185,238,21967,126,9,9,0,42,3,39,52,33,19,23,9,14,"Kings County, California",06,031
0500000US06063,643,40,0,40,77,1,76,120,292,292,21,0,21,66,0,66,71,33,38,134,100,34,0,0,0,0,0,0,0,0,0,0,0,0,0,22,0,0,0,0,0,0,0,0,0,22,22,0,55,1,0,1,0,0,0,0,0,0,54,29,25,67,53,406,241,165,171,4,0,4,10,0,10,0,0,0,157,57,100,88,14,0,14,1,1,0,34,19,15,39,33,6,329,15,0,0,0,0,0,0,15,15,0,0,0,0,"Plumas County, California",06,063
0500000US06079,29109,2617,185,2432,7296,1444,5852,7086,16812,15696,1189,85,1104,5106,664,4442,4368,1047,3321,5033,3123,1910,1116,180,0,180,307,26,281,202,20,182,427,317,110,771,112,0,112,134,22,112,155,125,30,370,336,34,2151,94,0,94,271,116,155,514,230,284,1272,820,452,3044,4042,12110,8777,3333,3482,340,74,266,370,135,235,413,249,164,2359,1896,463,5411,702,26,676,1108,481,627,1083,1022,61,2518,2163,355,18065,482,0,0,0,0,0,0,351,351,0,131,122,9,"San Luis Obispo County, California",06,079
0500000US06019,204366,19665,2294,17371,52911,12410,40501,50025,135675,126840,7150,619,6531,34507,3066,31441,35220,6079,29141,49963,23213,26750,8835,1028,9,1019,3109,359,2750,2118,482,1636,2580,1549,1031,1500,193,6,187,334,229,105,288,214,74,685,602,83,4085,661,145,516,964,449,515,865,601,264,1595,1104,491,16286,33739,81765,48312,33453,5784,888,50,838,776,398,378,805,479,326,3315,2638,677,56626,9698,1465,8233,13156,7844,5312,10544,8246,2298,23228,18864,4364,137871,696,47,0,47,65,65,0,185,185,0,399,342,57,"Fresno County, California",06,019
0500000US06029,175287,15473,1459,14014,43366,8515,34851,48902,136037,124666,7232,502,6730,29938,2567,27371,37875,7353,30522,49621,21939,27682,11371,727,0,727,2979,187,2792,3272,762,2510,4393,2462,1931,2050,262,0,262,462,188,274,466,126,340,860,739,121,3492,542,25,517,1099,484,615,730,499,231,1121,824,297,13637,35265,67546,35542,32004,3174,249,0,249,396,149,247,528,354,174,2001,1396,605,29779,6374,932,5442,8378,4844,3534,5923,4466,1457,9104,7823,1281,138842,755,87,0,87,114,96,18,108,77,31,446,359,87,"Kern County, California",06,029
0500000US06059,954709,97669,10268,87401,218536,69510,149026,242428,383795,345637,13898,1160,12738,90112,9141,80971,104664,16720,87944,136963,68848,68115,38158,3228,186,3042,9772,1357,8415,8427,2658,5769,16731,11330,5401,26978,2607,335,2272,6585,2478,4107,5426,3221,2205,12360,10353,2007,35831,6060,494,5566,7779,4158,3621,6265,4207,2058,15727,12861,2866,124309,118119,396076,300073,96003,52082,5946,465,5481,9908,4502,5406,8999,6578,2421,27229,22344,4885,451226,65815,7578,58237,94079,47740,46339,108185,90526,17659,183147,170793,12354,415570,4797,115,50,65,301,134,167,462,399,63,3919,3544,375,"Orange County, California",06,059
0500000US06111,190782,16326,1147,15179,46026,9872,36154,43440,119779,110796,7202,398,6804,29387,2754,26633,27881,7659,20222,46326,27710,18616,8983,837,70,767,2539,375,2164,1918,664,1254,3689,2744,945,5866,553,46,507,1330,708,622,1114,684,430,2869,2511,358,6261,746,79,667,818,282,536,1101,608,493,3596,2649,947,18462,24978,84990,61028,23962,12786,1340,63,1277,1514,641,873,2261,1591,670,7671,6210,1461,45174,5582,458,5124,10248,4930,5318,9114,7208,1906,20230,18629,1601,126561,916,66,33,33,190,182,8,51,48,3,609,575,34,"Ventura County, California",06,111
0500000US06009,2568,307,155,152,504,81,423,488,1034,1034,146,142,4,100,26,74,321,35,286,467,206,261,0,0,0,0,0,0,0,0,0,0,0,0,0,24,2,2,0,0,0,0,0,0,0,22,22,0,194,0,0,0,7,7,0,21,21,0,166,128,38,149,339,1269,795,474,817,11,0,11,320,13,307,100,66,34,386,236,150,478,148,11,137,68,26,42,46,27,19,216,191,25,1079,21,0,0,0,9,9,0,0,0,0,12,12,0,"Calaveras County, California",06,009
0500000US06101,21659,2100,124,1976,6457,2456,4001,5702,10123,9823,387,66,321,3198,496,2702,3034,695,2339,3204,1953,1251,300,4,0,4,116,21,95,61,50,11,119,66,53,113,28,0,28,54,54,0,17,15,2,14,14,0,359,56,0,56,66,26,40,7,7,0,230,165,65,2755,2947,7400,5241,2159,774,56,0,56,184,12,172,86,64,22,448,294,154,10224,1569,58,1511,2839,1847,992,2434,1908,526,3382,2749,633,10302,66,0,0,0,0,0,0,63,16,47,3,0,3,"Sutter County, California",06,101
0500000US06081,264906,36184,2733,33451,62864,20904,41960,60881,74838,47553,2754,130,2624,14661,1781,12880,14490,3084,11406,15648,9688,5960,27285,3169,149,3020,7547,1099,6448,5052,2417,2635,11517,9000,2517,9568,1863,81,1782,2379,763,1616,2379,1523,856,2947,2491,456,14173,2452,205,2247,3101,1227,1874,3058,2007,1051,5562,4648,914,38089,22792,104977,89209,15768,27544,4940,159,4781,4592,2126,2466,7242,5816,1426,10770,9118,1652,137590,20822,2000,18822,30432,13788,16644,28532,23195,5337,57804,53667,4137,85599,1193,184,9,175,152,120,32,128,47,81,729,597,132,"San Mateo County, California",06,081
0500000US06109,2520,219,26,193,279,137,142,536,851,798,29,0,29,84,22,62,287,225,62,398,246,152,53,11,0,11,12,0,12,0,0,0,30,12,18,99,0,0,0,16,16,0,0,0,0,83,83,0,274,36,26,10,42,23,19,55,0,55,141,109,32,351,185,1486,1112,374,804,89,0,89,72,51,21,70,62,8,573,470,103,486,54,0,54,53,25,28,124,64,60,255,186,69,956,6,0,0,0,0,0,0,0,0,0,6,6,0,"Tuolumne County, California",06,109
0500000US06077,168377,17450,1908,15542,42038,12711,29327,42464,87415,82397,5405,368,5037,22716,2316,20400,23763,5857,17906,30513,15461,15052,5018,313,26,287,1279,83,1196,990,301,689,2436,1881,555,1986,114,14,100,540,246,294,434,340,94,898,702,196,5451,812,61,751,1293,595,698,1397,1028,369,1949,1612,337,19920,22544,66425,45157,21268,6271,360,30,330,617,293,324,1060,671,389,4234,3075,1159,66806,10412,1409,9003,15535,9121,6414,14657,11631,3026,26202,22255,3947,89849,448,34,0,34,58,57,1,163,92,71,193,171,22,"San Joaquin County, California",06,077
0500000US06005,2251,176,26,150,376,172,204,257,857,813,11,0,11,173,34,139,88,24,64,541,329,212,44,0,0,0,0,0,0,0,0,0,44,5,39,38,0,0,0,0,0,0,12,12,0,26,0,26,260,0,0,0,16,0,16,51,29,22,193,87,106,158,99,1442,952,490,608,51,26,25,147,129,18,82,73,9,328,266,62,484,114,0,114,40,9,31,20,20,0,310,265,45,899,4,0,0,0,0,0,0,4,0,4,0,0,0,"Amador County, California",06,005
